{"stats":{"minecraft:used":{"minecraft:rotten_flesh":1,"minecraft:torch":69,"minecraft:dark_prismarine":7,"minecraft:glowstone":22,"minecraft:sand":16,"minecraft:oak_planks":60,"minecraft:polished_andesite":87,"minecraft:prismarine":13,"minecraft:lingering_potion":72},"minecraft:killed_by":{"minecraft:creeper":2,"minecraft:trader_llama":1},"minecraft:picked_up":{"minecraft:iron_chestplate":1,"minecraft:rotten_flesh":1,"minecraft:torch":41,"minecraft:iron_helmet":1,"minecraft:sand":3,"minecraft:iron_boots":1,"minecraft:egg":1},"minecraft:killed":{"minecraft:zombie":1},"minecraft:mined":{"minecraft:grass":1,"minecraft:sand":3},"minecraft:dropped":{"minecraft:grass_path":6,"minecraft:tipped_arrow":1,"minecraft:bow":1,"minecraft:torch":1,"minecraft:dark_prismarine":64},"minecraft:custom":{"minecraft:time_since_rest":13494,"minecraft:play_one_minute":90675,"minecraft:crouch_one_cm":174,"minecraft:sprint_one_cm":4707,"minecraft:damage_taken":2192,"minecraft:walk_one_cm":76772,"minecraft:deaths":7,"minecraft:sneak_time":1276,"minecraft:walk_under_water_one_cm":192605,"minecraft:mob_kills":1,"minecraft:drop":10,"minecraft:jump":300,"minecraft:damage_dealt":989,"minecraft:leave_game":5,"minecraft:time_since_death":13340,"minecraft:walk_on_water_one_cm":5987,"minecraft:swim_one_cm":35100,"minecraft:talked_to_villager":2,"minecraft:fall_one_cm":5150,"minecraft:fly_one_cm":59392}},"DataVersion":1976}