{"stats":{"minecraft:used":{"minecraft:diamond_sword":3},"minecraft:picked_up":{"minecraft:iron_helmet":1,"minecraft:iron_leggings":1,"minecraft:iron_chestplate":1,"minecraft:diamond_sword":1,"minecraft:iron_boots":1},"minecraft:custom":{"minecraft:jump":69,"minecraft:time_since_rest":411,"minecraft:damage_dealt":97,"minecraft:play_one_minute":24148,"minecraft:deaths":2,"minecraft:walk_on_water_one_cm":7657,"minecraft:sprint_one_cm":14,"minecraft:damage_taken":588,"minecraft:time_since_death":315,"minecraft:walk_one_cm":6887,"minecraft:sneak_time":1702,"minecraft:walk_under_water_one_cm":31194,"minecraft:swim_one_cm":104,"minecraft:fall_one_cm":604,"minecraft:fly_one_cm":59677,"minecraft:leave_game":1},"minecraft:killed_by":{"minecraft:player":1}},"DataVersion":1976}