{"stats":{"minecraft:used":{"minecraft:acacia_boat":7,"minecraft:enchanting_table":68,"minecraft:prismarine_brick_slab":63,"minecraft:pufferfish_spawn_egg":167,"minecraft:redstone":31,"minecraft:polished_andesite":86,"minecraft:chest":57,"minecraft:stone":10,"minecraft:torch":6,"minecraft:anvil":2,"minecraft:tnt":9,"minecraft:hopper":3,"minecraft:end_stone":265,"minecraft:sticky_piston":9,"minecraft:lever":16,"minecraft:bookshelf":30,"minecraft:heavy_weighted_pressure_plate":11,"minecraft:item_frame":13,"minecraft:bedrock":7,"minecraft:diamond_sword":5,"minecraft:glowstone":46,"minecraft:repeater":8,"minecraft:cobblestone":5,"minecraft:bow":21,"minecraft:trapped_chest":5},"minecraft:killed_by":{"minecraft:player":1,"minecraft:zombie":1,"minecraft:drowned":1},"minecraft:picked_up":{"minecraft:anvil":1,"minecraft:andesite":10,"minecraft:diamond_sword":2,"minecraft:infested_cobblestone":1,"minecraft:heavy_weighted_pressure_plate":7,"minecraft:dirt":10,"minecraft:sticky_piston":1,"minecraft:item_frame":2,"minecraft:kelp":2,"minecraft:bow":1,"minecraft:diamond_helmet":1,"minecraft:sugar_cane":1,"minecraft:chest":1,"minecraft:stone":1,"minecraft:end_stone":29,"minecraft:redstone":5,"minecraft:spectral_arrow":1,"minecraft:trapped_chest":1,"minecraft:prismarine_crystals":6,"minecraft:tnt":1,"minecraft:polished_andesite":10,"minecraft:rotten_flesh":10,"minecraft:polished_diorite":64,"minecraft:lever":33,"minecraft:bookshelf":31,"minecraft:hopper":1,"minecraft:cobblestone":46},"minecraft:killed":{"minecraft:pig":1,"minecraft:slime":4,"minecraft:drowned":1},"minecraft:mined":{"minecraft:kelp_plant":6,"minecraft:kelp":1},"minecraft:dropped":{"minecraft:anvil":1,"minecraft:kelp":2,"minecraft:lever":1,"minecraft:polished_andesite_slab":3,"minecraft:tnt":1,"minecraft:minecart":1,"minecraft:bookshelf":1,"minecraft:sticky_piston":1,"minecraft:rotten_flesh":10,"minecraft:spectral_arrow":1,"minecraft:prismarine":1,"minecraft:item_frame":1,"minecraft:polished_andesite":44,"minecraft:diamond_sword":1,"minecraft:dirt":10,"minecraft:stone":2,"minecraft:conduit":7,"minecraft:prismarine_brick_slab":1,"minecraft:iron_ore":1,"minecraft:bow":1,"minecraft:prismarine_bricks":1,"minecraft:redstone":1},"minecraft:custom":{"minecraft:mob_kills":6,"minecraft:inspect_hopper":1,"minecraft:play_one_minute":135356,"minecraft:leave_game":5,"minecraft:time_since_death":8910,"minecraft:time_since_rest":8955,"minecraft:sprint_one_cm":6904,"minecraft:damage_taken":1265,"minecraft:walk_one_cm":92768,"minecraft:trigger_trapped_chest":3,"minecraft:drop":93,"minecraft:damage_dealt":371,"minecraft:swim_one_cm":103517,"minecraft:fly_one_cm":50422,"minecraft:open_chest":20,"minecraft:crouch_one_cm":284,"minecraft:sneak_time":3648,"minecraft:deaths":4,"minecraft:walk_under_water_one_cm":186955,"minecraft:boat_one_cm":62298,"minecraft:aviate_one_cm":777,"minecraft:jump":240,"minecraft:walk_on_water_one_cm":11013,"minecraft:fall_one_cm":18831}},"DataVersion":1976}