{"stats":{"minecraft:custom":{"minecraft:mob_kills":6,"minecraft:inspect_hopper":3,"minecraft:leave_game":12,"minecraft:time_since_death":358936,"minecraft:sprint_one_cm":31123,"minecraft:walk_one_cm":685608,"minecraft:drop":105,"minecraft:talked_to_villager":16,"minecraft:sneak_time":5201,"minecraft:walk_under_water_one_cm":378071,"minecraft:jump":639,"minecraft:walk_on_water_one_cm":30567,"minecraft:traded_with_villager":30,"minecraft:play_one_minute":358936,"minecraft:time_since_rest":358936,"minecraft:damage_taken":156,"minecraft:trigger_trapped_chest":1,"minecraft:damage_dealt":1427,"minecraft:swim_one_cm":60776,"minecraft:fly_one_cm":756944,"minecraft:player_kills":2,"minecraft:open_chest":18,"minecraft:crouch_one_cm":3284,"minecraft:fall_one_cm":3679},"minecraft:picked_up":{"minecraft:slime_spawn_egg":1,"minecraft:iron_chestplate":2,"minecraft:splash_potion":1,"minecraft:diamond_sword":2,"minecraft:shield":1,"minecraft:heavy_weighted_pressure_plate":1,"minecraft:iron_axe":10,"minecraft:iron_leggings":1,"minecraft:sticky_piston":1,"minecraft:glass_pane":1,"minecraft:redstone_torch":2,"minecraft:poppy":2,"minecraft:sugar_cane":9,"minecraft:spruce_trapdoor":1,"minecraft:iron_boots":7,"minecraft:egg":3,"minecraft:end_stone":16,"minecraft:stone":1,"minecraft:oak_door":5,"minecraft:oak_fence":2,"minecraft:torch":7,"minecraft:porkchop":2,"minecraft:redstone":13,"minecraft:cauldron":1,"minecraft:rotten_flesh":7,"minecraft:hay_block":1,"minecraft:bookshelf":34,"minecraft:infested_cracked_stone_bricks":1,"minecraft:cobblestone":61,"minecraft:repeater":2,"minecraft:andesite":9,"minecraft:oak_log":10,"minecraft:prismarine_bricks":1,"minecraft:gunpowder":2,"minecraft:dirt":1,"minecraft:lantern":5,"minecraft:kelp":24,"minecraft:bow":1,"minecraft:wheat_seeds":2,"minecraft:creeper_spawn_egg":1,"minecraft:bell":2,"minecraft:grindstone":1,"minecraft:iron_sword":1,"minecraft:oak_planks":1,"minecraft:grass_path":3,"minecraft:grass_block":1,"minecraft:spectral_arrow":1,"minecraft:trapped_chest":1,"minecraft:sea_lantern":1,"minecraft:dark_prismarine":64,"minecraft:polished_andesite":3,"minecraft:diamond_shovel":1,"minecraft:slime_ball":1,"minecraft:campfire":1,"minecraft:lever":5,"minecraft:iron_helmet":1,"minecraft:granite":23,"minecraft:emerald":45,"minecraft:jack_o_lantern":1,"minecraft:oak_sapling":1},"minecraft:crafted":{"minecraft:bookshelf":30,"minecraft:iron_boots":9,"minecraft:iron_axe":9,"minecraft:iron_sword":1,"minecraft:iron_chestplate":1},"minecraft:used":{"minecraft:oak_fence":110,"minecraft:oak_trapdoor":43,"minecraft:jack_o_lantern":9,"minecraft:enchanting_table":7,"minecraft:light_gray_stained_glass_pane":4,"minecraft:redstone":38,"minecraft:chest":6,"minecraft:stone":53,"minecraft:bell":1,"minecraft:oak_door":14,"minecraft:torch":49,"minecraft:dirt":34,"minecraft:anvil":2,"minecraft:lily_of_the_valley":4,"minecraft:hopper":8,"minecraft:prismarine_bricks":77,"minecraft:allium":3,"minecraft:mossy_cobblestone_stairs":15,"minecraft:glass":9,"minecraft:sea_lantern":40,"minecraft:bookshelf":9,"minecraft:villager_spawn_egg":9,"minecraft:grass_block":19,"minecraft:oak_stairs":284,"minecraft:lantern":40,"minecraft:iron_block":37,"minecraft:iron_axe":8,"minecraft:blue_orchid":5,"minecraft:slime_block":4,"minecraft:mossy_cobblestone_slab":19,"minecraft:slime_spawn_egg":8,"minecraft:repeater":17,"minecraft:glowstone":56,"minecraft:bow":10,"minecraft:hay_block":2,"minecraft:infested_cobblestone":138,"minecraft:observer":4,"minecraft:cobblestone_stairs":30,"minecraft:infested_stone":22,"minecraft:polished_andesite":527,"minecraft:oak_planks":562,"minecraft:composter":2,"minecraft:cauldron":1,"minecraft:fletching_table":1,"minecraft:sugar_cane":22,"minecraft:cobblestone_slab":56,"minecraft:conduit":2,"minecraft:sand":3,"minecraft:tnt":4,"minecraft:oak_slab":271,"minecraft:blast_furnace":1,"minecraft:campfire":1,"minecraft:sponge":48,"minecraft:end_stone":32,"minecraft:creeper_spawn_egg":1,"minecraft:redstone_torch":18,"minecraft:oak_log":245,"minecraft:sticky_piston":24,"minecraft:piston":4,"minecraft:lever":23,"minecraft:oak_button":1,"minecraft:lectern":2,"minecraft:spruce_trapdoor":21,"minecraft:polished_andesite_slab":162,"minecraft:diamond_sword":18,"minecraft:cobblestone":269,"minecraft:potion":1,"minecraft:grindstone":2,"minecraft:glass_pane":19,"minecraft:coarse_dirt":2,"minecraft:stripped_oak_log":125,"minecraft:splash_potion":13},"minecraft:mined":{"minecraft:oak_planks":1,"minecraft:oak_log":11},"minecraft:dropped":{"minecraft:iron_sword":1,"minecraft:oak_slab":1,"minecraft:porkchop":2,"minecraft:oak_log":7,"minecraft:bookshelf":64,"minecraft:creeper_spawn_egg":1,"minecraft:oak_fence":2,"minecraft:iron_helmet":3,"minecraft:spectral_arrow":1,"minecraft:lantern":2,"minecraft:grass_block":1,"minecraft:polished_andesite":260,"minecraft:iron_block":1,"minecraft:dirt":1,"minecraft:torch":3,"minecraft:jack_o_lantern":1,"minecraft:potion":1,"minecraft:iron_leggings":2,"minecraft:slime_spawn_egg":1,"minecraft:iron_axe":10,"minecraft:cauldron":1,"minecraft:infested_cracked_stone_bricks":1,"minecraft:redstone":1,"minecraft:oak_door":3,"minecraft:polished_diorite":64,"minecraft:sugar_cane":9,"minecraft:grindstone":1,"minecraft:oak_planks":1,"minecraft:iron_boots":13,"minecraft:villager_spawn_egg":1,"minecraft:diamond_shovel":1,"minecraft:end_stone":3,"minecraft:glass_pane":1,"minecraft:diamond_sword":5,"minecraft:sea_lantern":1,"minecraft:hay_block":1,"minecraft:spruce_trapdoor":1,"minecraft:iron_chestplate":4,"minecraft:hopper":1,"minecraft:glowstone":2,"minecraft:chest":2,"minecraft:oak_sapling":1,"minecraft:infested_stone":1,"minecraft:bow":1,"minecraft:campfire":1,"minecraft:prismarine_bricks":1,"minecraft:bell":1,"minecraft:infested_cobblestone":1,"minecraft:splash_potion":1},"minecraft:killed":{"minecraft:horse":1,"minecraft:drowned":2,"minecraft:creeper":3}},"DataVersion":1976}