{"stats":{"minecraft:used":{"minecraft:birch_fence":98,"minecraft:purpur_block":3,"minecraft:dark_oak_planks":10,"minecraft:chiseled_stone_bricks":2,"minecraft:blue_terracotta":1,"minecraft:chiseled_sandstone":184,"minecraft:sandstone_stairs":50,"minecraft:cut_sandstone_slab":15,"minecraft:birch_planks":159,"minecraft:lantern":5,"minecraft:oak_planks":561,"minecraft:acacia_fence":12,"minecraft:glass_pane":50,"minecraft:chiseled_quartz_block":39,"minecraft:white_terracotta":1,"minecraft:cut_sandstone":98,"minecraft:blue_concrete_powder":39,"minecraft:orange_terracotta":1,"minecraft:cut_red_sandstone":39,"minecraft:purpur_pillar":12},"minecraft:picked_up":{"minecraft:iron_ingot":3},"minecraft:custom":{"minecraft:time_since_rest":61002,"minecraft:play_one_minute":61002,"minecraft:crouch_one_cm":132,"minecraft:sprint_one_cm":138,"minecraft:walk_one_cm":115644,"minecraft:sneak_time":466,"minecraft:walk_under_water_one_cm":18164,"minecraft:jump":26,"minecraft:leave_game":2,"minecraft:walk_on_water_one_cm":68221,"minecraft:time_since_death":61002,"minecraft:fly_one_cm":85390}},"DataVersion":1976}